﻿Series Name,Series Code,Country Name,Country Code,1990 [YR1990],2000 [YR2000],2011 [YR2011],2012 [YR2012],2013 [YR2013],2014 [YR2014],2015 [YR2015],2016 [YR2016],2017 [YR2017],2018 [YR2018],2019 [YR2019],2020 [YR2020]
Proporción de escaños ocupados por mujeres en los parlamentos nacionales (%),SG.GEN.PARL.ZS,El mundo árabe,ARB,..,3.77068103116583,11.3285024154589,14.87204249155,17.3693086003373,17.7934018388318,18.7798408488064,19.2756139915654,18.8840212128199,19.060773480663,17.5665399239544,17.8190137264871
Proporción de escaños ocupados por mujeres en los parlamentos nacionales (%),SG.GEN.PARL.ZS,Estados pequeos del Caribe,CSS,..,13.2258064516129,15.8482142857143,16.1797752808989,17.0786516853933,17.155756207675,19.7309417040359,20.4035874439462,21.2527964205817,21.923937360179,22.5950782997763,25.1670378619154
Proporción de escaños ocupados por mujeres en los parlamentos nacionales (%),SG.GEN.PARL.ZS,Europa Central y del Báltico,CEB,..,12.9600829445308,18.4333759046403,19.2671881432688,19.2102015631427,19.7050938337802,20.1164874551971,19.8924731182796,22.3044886626562,22.7209625173531,23.6927348449792,24.8033317908376
Proporción de escaños ocupados por mujeres en los parlamentos nacionales (%),SG.GEN.PARL.ZS,inicial del dividendo demográfico,EAR,..,9.67302452316077,17.5577970186557,19.2942010994857,20.0692707331153,21.0731795896132,22.1625127397387,22.3453212885631,22.305376344086,22.7895939532431,22.948551664505,23.6233528231085
Proporción de escaños ocupados por mujeres en los parlamentos nacionales (%),SG.GEN.PARL.ZS,Asia oriental y el Pacífico,EAS,..,16.357597564351,17.6986775429489,17.8567039449428,18.8274254875506,18.5955127392572,19.2873741285825,19.4261880687563,19.810606060606,20.2357071213641,20.5038149448952,20.8692485128081
Proporción de escaños ocupados por mujeres en los parlamentos nacionales (%),SG.GEN.PARL.ZS,Asia oriental y el Pacífico (excluido altos ingresos),EAP,..,17.3228346456693,17.9268468989446,18.23673234575,19.3168771526981,19.063245823389,19.7626654495664,19.8686371100164,20.1280333482209,20.6260150597963,20.8563731745357,21.1139528275078
Proporción de escaños ocupados por mujeres en los parlamentos nacionales (%),SG.GEN.PARL.ZS,Asia oriental y el Pacífico (BIRF y la AIF),TEA,..,16.9216589861751,18.0874840357599,18.4285714285714,19.632678910703,19.2828816920027,20.064178348252,20.2083677856789,20.5111294311624,21.0586505472962,21.1529448523668,21.4375195740683
Proporción de escaños ocupados por mujeres en los parlamentos nacionales (%),SG.GEN.PARL.ZS,Zona del Euro,EMU,..,19.3314633006078,26.0467268100856,27.4242073594075,29.9653979238754,30.1107521919705,30.1960784313726,30.3212387335336,31.2130849613812,31.9700068166326,33.3711949114039,33.7420526793824
Proporción de escaños ocupados por mujeres en los parlamentos nacionales (%),SG.GEN.PARL.ZS,Europa y Asia central,ECS,..,16.562282533055,22.7041742286751,23.7507877914828,24.7976254722072,25.3484959647836,25.7431192660551,26.0058791107845,27.3847852083525,27.9538376992123,29.4559443121451,30.1548044334524
Proporción de escaños ocupados por mujeres en los parlamentos nacionales (%),SG.GEN.PARL.ZS,Europa y Asia central (excluido altos ingresos),ECA,..,7.30279021701688,16.2231759656652,17.846944603084,18.1012296253932,18.5558112773303,18.5163887291547,19.0901238122661,20.3768115942029,20.7833047455689,22.7051758650272,23.4401831711506
Proporción de escaños ocupados por mujeres en los parlamentos nacionales (%),SG.GEN.PARL.ZS,Europa y Asia central (BIRF y la AIF),TEC,..,8.62265224815026,16.8845807033363,18.232044198895,18.429203539823,18.8696039163329,18.8864142538976,19.2419175027871,21.1389521640091,21.4511041009464,23.1913455037187,24.1317095173658
Proporción de escaños ocupados por mujeres en los parlamentos nacionales (%),SG.GEN.PARL.ZS,Unión Europea,EUU,..,19.5739227935287,25.1133272892112,26.0376231710958,27.6817640047676,28.2405276882957,28.2665438354061,28.2859338970023,29.7895222000307,30.5162876459742,31.8174834844062,32.3299032406696
Proporción de escaños ocupados por mujeres en los parlamentos nacionales (%),SG.GEN.PARL.ZS,Frágiles y situaciones de conflicto afectados,FCS,..,..,14.6432194792019,15.2282676672921,16.610224157394,15.5998659517426,17.5158227848101,17.4069440100094,17.8875130538565,17.6251743915672,17.2994440031771,18.3812531161709
Proporción de escaños ocupados por mujeres en los parlamentos nacionales (%),SG.GEN.PARL.ZS,Países pobres muy endeudados (PPME),HPC,..,..,20.3537077257214,21.4983216356424,22.1052631578947,22.1501976284585,23.8495575221239,24.0289469797666,24.309313585873,24.0502672251914,24.1226121723678,25.4632489190859
Proporción de escaños ocupados por mujeres en los parlamentos nacionales (%),SG.GEN.PARL.ZS,Ingreso alto,HIC,..,..,22.7577733673566,23.2730340238073,24.6865057084035,25.219465648855,25.8018463881222,25.8481421647819,27.145325398349,27.7930186358907,28.9712556732224,29.6443435489973
Proporción de escaños ocupados por mujeres en los parlamentos nacionales (%),SG.GEN.PARL.ZS,Sólo BIRF,IBD,..,12.7028539451595,17.9595278246206,19.2770373864842,20.3939393939394,21.0090829911659,21.2767295597484,21.754197287447,22.2905129921499,22.9814781514116,23.5428370786517,23.8387738387738
Proporción de escaños ocupados por mujeres en los parlamentos nacionales (%),SG.GEN.PARL.ZS,BIRF y la AIF,IBT,..,11.433773752276,18.185089234312,19.2862190812721,19.9911803616052,20.4162102957284,21.1163465023559,21.4540744889387,21.8621778011573,22.1928339681196,22.5355557885173,23.1073167289917
Proporción de escaños ocupados por mujeres en los parlamentos nacionales (%),SG.GEN.PARL.ZS,mezcla de la AIF,IDB,..,..,14.1231246766684,14.3666323377961,18.9073634204276,18.8950789229341,18.5543278084714,18.646408839779,19.0344827586207,19.1021530004581,18.9189189189189,20.4389574759945
Proporción de escaños ocupados por mujeres en los parlamentos nacionales (%),SG.GEN.PARL.ZS,Sólo AIF,IDX,..,9.63237893248497,19.4381415451108,20.3191489361702,19.4841408156152,19.733682602052,21.4330741752469,21.5653794388653,21.77248410215,21.5173867228662,21.5386261502247,22.3717595146167
Proporción de escaños ocupados por mujeres en los parlamentos nacionales (%),SG.GEN.PARL.ZS,total de la AIF,IDA,..,..,18.5198426885949,19.299947099277,19.3707991038088,19.5740544361965,20.8982035928144,21.0294987744062,21.2795894719417,21.0657071875268,21.042588255703,21.9960895840739
Proporción de escaños ocupados por mujeres en los parlamentos nacionales (%),SG.GEN.PARL.ZS,avanzada del dividendo demográfico,LTE,..,14.7582141687589,17.6603135855788,18.2850758774788,18.9151470040938,19.1025152439024,19.3653221181419,19.8891860909438,20.7017202837982,21.4700561744264,21.9700492977397,22.1001675665612
Proporción de escaños ocupados por mujeres en los parlamentos nacionales (%),SG.GEN.PARL.ZS,América Latina y el Caribe,LCN,..,15.1574254667038,23.0346475507766,24.4858919177427,25.7512826777425,27.4607703281027,27.9011099899092,28.8011350200993,29.7405189620759,31.196083003031,31.669776119403,32.9338446788111
Proporción de escaños ocupados por mujeres en los parlamentos nacionales (%),SG.GEN.PARL.ZS,América Latina y el Caribe (excluido altos ingresos),LAC,..,15.6396621832968,24.1728922091782,25.7737459978655,27.1112325772069,28.703459202535,29.1985273293685,30.1106427818757,30.6442880346508,32.5130890052356,33.019114951558,34.4138303619665
Proporción de escaños ocupados por mujeres en los parlamentos nacionales (%),SG.GEN.PARL.ZS,América Latina y el Caribe (BIRF y la AIF),TLA,..,12.6369863013699,19.5861678004535,21.2868480725624,21.8283035452681,23.9931934203063,24.2691839220463,25.6128486897718,26.5404268109408,27.8008298755187,28.3619258439402,29.7598627787307
Proporción de escaños ocupados por mujeres en los parlamentos nacionales (%),SG.GEN.PARL.ZS,Países menos desarrollados: clasificación de las Naciones Unidas,LDC,..,9.9150701165317,20.8236017209588,21.397533763946,20.9108910891089,21.1382113821138,23.0474365117393,23.0796418473139,22.979683972912,22.7928794803945,22.8819784524976,23.8366932927602
Proporción de escaños ocupados por mujeres en los parlamentos nacionales (%),SG.GEN.PARL.ZS,Ingreso mediano y bajo,LMY,..,12.0774062442269,18.7054266372226,19.7974972369781,20.6255095234566,21.0197174808711,21.7161016949153,22.0682114767397,22.290467499649,22.7112988534308,23.0241637649045,23.537767676409
Proporción de escaños ocupados por mujeres en los parlamentos nacionales (%),SG.GEN.PARL.ZS,Países de ingreso bajo,LIC,..,12.2057752972579,19.1310205456383,19.4683221903852,19.9635821883794,19.1917424772568,21.3117408906883,21.5062489855543,21.6707768187423,21.5027977617906,21.5782580222659,22.6541095890411
Proporción de escaños ocupados por mujeres en los parlamentos nacionales (%),SG.GEN.PARL.ZS,Países de ingreso mediano bajo,LMC,..,8.2921316570137,16.6427840327533,18.4739788513373,19.2162687078716,20.7126484684309,21.0404624277457,21.0685385590329,20.8010209090017,20.6132028363128,20.9376558603491,21.4335629429969
Proporción de escaños ocupados por mujeres en los parlamentos nacionales (%),SG.GEN.PARL.ZS,Oriente Medio y Norte de África,MEA,..,4.20701168614357,10.05291005291,13.1469979296066,15.936018957346,16.0878598990798,16.3846838824577,17.0850409836066,16.3021363173957,16.6793796084414,16.3636363636364,16.6118836915297
Proporción de escaños ocupados por mujeres en los parlamentos nacionales (%),SG.GEN.PARL.ZS,Oriente Medio y Norte de África (excluido altos ingresos),MNA,..,3.88170055452865,10.5087014725569,14.1674333026679,16.4200649584987,16.7510853835022,16.9019182048498,17.5671596740115,16.5814023472766,16.9374247894104,16.2686567164179,16.4027487302062
Proporción de escaños ocupados por mujeres en los parlamentos nacionales (%),SG.GEN.PARL.ZS,Oriente Medio y Norte de África (BIRF y la AIF),TMN,..,3.88170055452865,10.5087014725569,14.1674333026679,16.4200649584987,16.7510853835022,16.9019182048498,17.5671596740115,16.5814023472766,16.9374247894104,16.2686567164179,16.4027487302062
Proporción de escaños ocupados por mujeres en los parlamentos nacionales (%),SG.GEN.PARL.ZS, Ingreso mediano,MIC,..,12.0472306200445,18.5888863269541,19.8924978177976,20.816423967534,21.5064281721632,21.8338757605773,22.2242249459265,22.4731866933285,23.0562146377076,23.4197912466962,23.768986065684
Proporción de escaños ocupados por mujeres en los parlamentos nacionales (%),SG.GEN.PARL.ZS,América del Norte,NAC,..,..,20.1079622132254,20.7547169811321,20.6756756756757,21.6981132075472,22.279792746114,22.1789883268483,22.3667100130039,25,25.8777633289987,25.8777633289987
Proporción de escaños ocupados por mujeres en los parlamentos nacionales (%),SG.GEN.PARL.ZS,No clasificado,INX,..,..,..,..,..,..,..,..,..,..,..,..
Proporción de escaños ocupados por mujeres en los parlamentos nacionales (%),SG.GEN.PARL.ZS,Miembros OCDE,OED,..,18.0409041980624,23.8811881188119,24.9504950495049,26.0955584132951,26.7533252720677,27.8118403859684,27.9348154109245,28.8358450490543,29.7859690844233,30.7181773155027,31.1062648691515
Proporción de escaños ocupados por mujeres en los parlamentos nacionales (%),SG.GEN.PARL.ZS,Otros Estados pequeos,OSS,..,10.6529209621993,16.1046511627907,17.0945157526254,17.0874926600117,17.4283973187081,18.6139747995418,19.0101237345332,18.5621685327048,19.9524940617577,20.5184776613348,20.6140350877193
Proporción de escaños ocupados por mujeres en los parlamentos nacionales (%),SG.GEN.PARL.ZS,Estados pequeos de las Islas del Pacfico,PSS,..,..,..,..,..,4.86486486486486,5.67567567567568,6.46900269541779,7.27762803234501,7.79569892473118,7.77479892761394,8.37837837837838
Proporción de escaños ocupados por mujeres en los parlamentos nacionales (%),SG.GEN.PARL.ZS,posterior al dividendo demográfico,PST,..,19.4174757281553,25.3194207836457,25.9393294305482,27.4780027562811,28.1283886358707,28.5652456178316,28.5621551444336,29.5715666272952,30.4277730008598,31.9724967769661,32.5736400774027
Proporción de escaños ocupados por mujeres en los parlamentos nacionales (%),SG.GEN.PARL.ZS,previa al dividendo demográfico,PRE,..,10.0074128984433,19.5331325301205,20.1545949040939,21.2546125461255,20.9348056269853,21.8431483578709,22.1409480939654,22.2931666893085,22.0456116102281,22.0113314447592,22.8418308227115
Proporción de escaños ocupados por mujeres en los parlamentos nacionales (%),SG.GEN.PARL.ZS,Pequeños Estados,SST,..,9.8981077147016,14.3832864604259,15.1209677419355,15.3036437246964,15.4849225753871,16.9398907103825,17.4566473988439,17.375745526839,18.4978026368358,19.0657045195594,19.6746121831252
Proporción de escaños ocupados por mujeres en los parlamentos nacionales (%),SG.GEN.PARL.ZS,Asia meridional,SAS,..,8.44409695074277,20.3375874845615,20.3375874845615,15.7488986784141,19.2387256930079,19.3191140278917,19.391947411668,19.3999177969585,17.1045576407507,18.957345971564,18.9214758751183
Proporción de escaños ocupados por mujeres en los parlamentos nacionales (%),SG.GEN.PARL.ZS,Asia meridional (BIRF y la AIF),TSA,..,8.44409695074277,20.3375874845615,20.3375874845615,15.7488986784141,19.2387256930079,19.3191140278917,19.391947411668,19.3999177969585,17.1045576407507,18.957345971564,18.9214758751183
Proporción de escaños ocupados por mujeres en los parlamentos nacionales (%),SG.GEN.PARL.ZS,África al sur del Sahara,SSF,..,11.5853658536585,20.5351663188904,21.3758023495216,22.4570200573066,22.1580435049773,23.6369910282954,23.8100686498856,24.0169321599644,24.0742799955521,24.0781160252728,24.7577915256216
Proporción de escaños ocupados por mujeres en los parlamentos nacionales (%),SG.GEN.PARL.ZS,África al sur del Sahara (excluido altos ingresos),SSA,..,11.5862573099415,20.4573701217997,21.3094654242276,22.404833836858,22.1005475360876,23.6587920400326,23.9175735123871,24.1239436619718,24.1817568327522,24.1222971402,24.8109640831758
Proporción de escaños ocupados por mujeres en los parlamentos nacionales (%),SG.GEN.PARL.ZS,África al sur del Sahara (BIRF y la AIF),TSS,..,11.5853658536585,20.5351663188904,21.3758023495216,22.4570200573066,22.1580435049773,23.6369910282954,23.8100686498856,24.0169321599644,24.0742799955521,24.0781160252728,24.7577915256216
Proporción de escaños ocupados por mujeres en los parlamentos nacionales (%),SG.GEN.PARL.ZS,Ingreso mediano alto,UMC,..,14.5905089934941,20.1846412085606,21.0213678739378,21.9652230971129,22.1482729570345,22.4798904672258,23.2174277335568,23.9146991622239,25.1113164748383,25.4431614896731,25.6706226629816
Proporción de escaños ocupados por mujeres en los parlamentos nacionales (%),SG.GEN.PARL.ZS,Mundo,WLD,..,13.9044395261034,19.8277667259973,20.7552042977427,21.7774474410703,22.1882965165675,22.8492991579336,23.0913674246322,23.5903366743768,24.0978782716432,24.6366036865178,25.2046164571015
Proporción de escaños ocupados por mujeres en los parlamentos nacionales (%),SG.GEN.PARL.ZS,Afganistán,AFG,..,..,27.710843373494,27.710843373494,27.710843373494,27.710843373494,27.710843373494,27.710843373494,27.710843373494,..,27.8688524590164,27.0161290322581
Proporción de escaños ocupados por mujeres en los parlamentos nacionales (%),SG.GEN.PARL.ZS,Albania,ALB,..,5.16129032258065,15.7142857142857,15.7142857142857,17.8571428571429,20,20.7142857142857,22.8571428571429,27.8571428571429,27.8571428571429,29.5081967213115,29.5081967213115
Proporción de escaños ocupados por mujeres en los parlamentos nacionales (%),SG.GEN.PARL.ZS,Argelia,DZA,..,3.42105263157895,7.96915167095116,31.6017316017316,31.6017316017316,31.6017316017316,31.6017316017316,31.6017316017316,25.7575757575758,25.7575757575758,25.7575757575758,25.7575757575758
Proporción de escaños ocupados por mujeres en los parlamentos nacionales (%),SG.GEN.PARL.ZS,Samoa Americana,ASM,..,..,..,..,..,..,..,..,..,..,..,..
Proporción de escaños ocupados por mujeres en los parlamentos nacionales (%),SG.GEN.PARL.ZS,Andorra,AND,..,7.14285714285714,50,50,50,50,39.2857142857143,32.1428571428571,32.1428571428571,32.1428571428571,46.4285714285714,46.4285714285714
Proporción de escaños ocupados por mujeres en los parlamentos nacionales (%),SG.GEN.PARL.ZS,Angola,AGO,..,15.4545454545455,38.1818181818182,34.0909090909091,34.0909090909091,36.8181818181818,36.8181818181818,36.8181818181818,30.4545454545455,30.4545454545455,30,30
Proporción de escaños ocupados por mujeres en los parlamentos nacionales (%),SG.GEN.PARL.ZS,Antigua y Barbuda,ATG,..,5.26315789473684,10.5263157894737,10.5263157894737,10.5263157894737,11.1111111111111,11.1111111111111,11.1111111111111,11.1111111111111,11.1111111111111,11.1111111111111,11.1111111111111
Proporción de escaños ocupados por mujeres en los parlamentos nacionales (%),SG.GEN.PARL.ZS,Argentina,ARG,..,26.4591439688716,37.3540856031128,37.3540856031128,36.5758754863813,36.5758754863813,..,35.7976653696498,38.1322957198444,38.9105058365759,40.1574803149606,40.8560311284047
Proporción de escaños ocupados por mujeres en los parlamentos nacionales (%),SG.GEN.PARL.ZS,Armenia,ARM,..,3.05343511450382,8.3969465648855,10.6870229007634,10.6870229007634,10.6870229007634,10.6870229007634,10.6870229007634,18.0952380952381,18.0952380952381,23.4848484848485,23.4848484848485
Proporción de escaños ocupados por mujeres en los parlamentos nacionales (%),SG.GEN.PARL.ZS,Aruba,ABW,..,..,..,..,..,..,..,..,..,..,..,..
Proporción de escaños ocupados por mujeres en los parlamentos nacionales (%),SG.GEN.PARL.ZS,Australia,AUS,..,22.972972972973,24.6666666666667,24.6666666666667,26,26,26.6666666666667,28.6666666666667,28.6666666666667,28.6666666666667,30.4635761589404,30.4635761589404
Proporción de escaños ocupados por mujeres en los parlamentos nacionales (%),SG.GEN.PARL.ZS,Austria,AUT,..,26.775956284153,27.8688524590164,27.8688524590164,33.3333333333333,32.2404371584699,30.6010928961749,30.6010928961749,34.4262295081967,34.4262295081967,39.344262295082,39.344262295082
Proporción de escaños ocupados por mujeres en los parlamentos nacionales (%),SG.GEN.PARL.ZS,Azerbaiyán,AZE,..,..,16,16,15.5737704918033,15.5737704918033,16.9354838709677,16.8,16.8,16.8,16.8067226890756,17.3553719008264
Proporción de escaños ocupados por mujeres en los parlamentos nacionales (%),SG.GEN.PARL.ZS,Bahamas,BHS,..,15,12.1951219512195,13.1578947368421,13.1578947368421,13.1578947368421,13.1578947368421,13.1578947368421,12.8205128205128,12.8205128205128,12.8205128205128,12.8205128205128
Proporción de escaños ocupados por mujeres en los parlamentos nacionales (%),SG.GEN.PARL.ZS,Bahrein,BHR,..,..,10,10,10,7.5,7.5,7.5,7.5,15,15,15
Proporción de escaños ocupados por mujeres en los parlamentos nacionales (%),SG.GEN.PARL.ZS,Bangladesh,BGD,..,9.09090909090909,19.7142857142857,19.7142857142857,19.7142857142857,19.8275862068966,20,20,20.2857142857143,20.2857142857143,20.6303724928367,20.9169054441261
Proporción de escaños ocupados por mujeres en los parlamentos nacionales (%),SG.GEN.PARL.ZS,Barbados,BRB,..,10.7142857142857,10,10,16.6666666666667,16.6666666666667,16.6666666666667,16.6666666666667,16.6666666666667,20,20,20
Proporción de escaños ocupados por mujeres en los parlamentos nacionales (%),SG.GEN.PARL.ZS,Belarús,BLR,..,..,31.8181818181818,26.605504587156,26.605504587156,26.605504587156,27.2727272727273,34.5454545454545,34.5454545454545,34.5454545454545,40,40
Proporción de escaños ocupados por mujeres en los parlamentos nacionales (%),SG.GEN.PARL.ZS,Bélgica,BEL,..,23.3333333333333,38,38,38,39.3333333333333,39.3333333333333,39.3333333333333,38,38,42,40.6666666666667
Proporción de escaños ocupados por mujeres en los parlamentos nacionales (%),SG.GEN.PARL.ZS,Belice,BLZ,..,6.89655172413793,0,3.125,3.125,3.125,3.125,3.125,9.375,9.375,9.375,9.375
Proporción de escaños ocupados por mujeres en los parlamentos nacionales (%),SG.GEN.PARL.ZS,Benin,BEN,..,6.02409638554217,8.43373493975904,8.43373493975904,8.43373493975904,8.43373493975904,7.2289156626506,7.2289156626506,7.2289156626506,7.2289156626506,7.2289156626506,7.2289156626506
Proporción de escaños ocupados por mujeres en los parlamentos nacionales (%),SG.GEN.PARL.ZS,Bermudas,BMU,..,..,..,..,..,..,..,..,..,..,..,..
Proporción de escaños ocupados por mujeres en los parlamentos nacionales (%),SG.GEN.PARL.ZS,Bhután,BTN,..,9.33333333333333,8.51063829787234,8.51063829787234,6.38297872340426,8.51063829787234,8.51063829787234,8.51063829787234,8.51063829787234,14.8936170212766,14.8936170212766,14.8936170212766
Proporción de escaños ocupados por mujeres en los parlamentos nacionales (%),SG.GEN.PARL.ZS,Bolivia,BOL,..,11.5384615384615,25.3846153846154,25.3846153846154,25.3846153846154,53.0769230769231,53.0769230769231,53.0769230769231,53.0769230769231,53.0769230769231,53.0769230769231,53.0769230769231
Proporción de escaños ocupados por mujeres en los parlamentos nacionales (%),SG.GEN.PARL.ZS,Bosnia y Herzegovina,BIH,..,..,21.4285714285714,21.4285714285714,21.4285714285714,21.4285714285714,21.4285714285714,21.4285714285714,21.4285714285714,21.4285714285714,21.4285714285714,21.4285714285714
Proporción de escaños ocupados por mujeres en los parlamentos nacionales (%),SG.GEN.PARL.ZS,Botswana,BWA,..,17.0212765957447,7.93650793650794,7.93650793650794,7.93650793650794,9.52380952380952,9.52380952380952,9.52380952380952,9.52380952380952,9.52380952380952,10.7692307692308,10.7692307692308
Proporción de escaños ocupados por mujeres en los parlamentos nacionales (%),SG.GEN.PARL.ZS,Brasil,BRA,..,5.65302144249513,8.57699805068226,8.57699805068226,8.57699805068226,9.94152046783626,9.94152046783626,9.94152046783626,10.7212475633528,15.009746588694,15.009746588694,14.6198830409357
Proporción de escaños ocupados por mujeres en los parlamentos nacionales (%),SG.GEN.PARL.ZS,Islas Vírgenes Británicas,VGB,..,..,..,..,..,..,..,..,..,..,..,..
Proporción de escaños ocupados por mujeres en los parlamentos nacionales (%),SG.GEN.PARL.ZS,Brunei Darussalam,BRN,..,..,..,..,..,..,..,6.45161290322581,9.09090909090909,9.09090909090909,9.09090909090909,9.09090909090909
Proporción de escaños ocupados por mujeres en los parlamentos nacionales (%),SG.GEN.PARL.ZS,Bulgaria,BGR,..,10.8333333333333,20.8333333333333,22.9166666666667,24.5833333333333,20,20.4166666666667,20.4166666666667,23.75,23.75,25.8333333333333,26.6666666666667
Proporción de escaños ocupados por mujeres en los parlamentos nacionales (%),SG.GEN.PARL.ZS,Burkina Faso,BFA,..,8.10810810810811,15.3153153153153,15.748031496063,15.748031496063,..,9.44881889763779,9.44881889763779,11.0236220472441,11.0236220472441,13.3858267716535,13.3858267716535
Proporción de escaños ocupados por mujeres en los parlamentos nacionales (%),SG.GEN.PARL.ZS,Burundi,BDI,..,14.4067796610169,30.4761904761905,30.4761904761905,30.4761904761905,30.4761904761905,36.3636363636364,36.3636363636364,36.3636363636364,36.3636363636364,36.3636363636364,38.2113821138211
Proporción de escaños ocupados por mujeres en los parlamentos nacionales (%),SG.GEN.PARL.ZS,Cabo Verde,CPV,..,11.1111111111111,20.8333333333333,20.8333333333333,20.8333333333333,20.8333333333333,20.8333333333333,23.6111111111111,23.6111111111111,23.6111111111111,23.6111111111111,25
Proporción de escaños ocupados por mujeres en los parlamentos nacionales (%),SG.GEN.PARL.ZS,Camboya,KHM,..,7.37704918032787,20.3252032520325,20.3252032520325,20.3252032520325,20.3252032520325,20.3252032520325,20.3252032520325,20.3252032520325,20,20,20
Proporción de escaños ocupados por mujeres en los parlamentos nacionales (%),SG.GEN.PARL.ZS,Camerún,CMR,..,5.55555555555556,13.8888888888889,13.8888888888889,31.1111111111111,31.1111111111111,31.1111111111111,31.1111111111111,31.1111111111111,31.1111111111111,31.1111111111111,33.8888888888889
Proporción de escaños ocupados por mujeres en los parlamentos nacionales (%),SG.GEN.PARL.ZS,Canadá,CAN,..,..,24.7557003257329,24.6753246753247,24.6753246753247,25.0814332247557,26.0355029585799,26.0355029585799,26.2686567164179,26.9461077844311,28.9940828402367,28.9940828402367
Proporción de escaños ocupados por mujeres en los parlamentos nacionales (%),SG.GEN.PARL.ZS,Islas Caimán,CYM,..,..,..,..,..,..,..,..,..,..,..,..
Proporción de escaños ocupados por mujeres en los parlamentos nacionales (%),SG.GEN.PARL.ZS,República Centroafricana,CAF,..,7.3394495412844,12.5,12.5,..,..,..,7.19424460431655,8.57142857142857,8.57142857142857,8.57142857142857,8.57142857142857
Proporción de escaños ocupados por mujeres en los parlamentos nacionales (%),SG.GEN.PARL.ZS,Chad,TCD,..,2.4,12.7659574468085,14.8936170212766,14.8936170212766,14.8936170212766,14.8936170212766,14.8936170212766,12.7659574468085,15.2542372881356,14.8809523809524,15.4320987654321
Proporción de escaños ocupados por mujeres en los parlamentos nacionales (%),SG.GEN.PARL.ZS,Islas del Canal,CHI,..,..,..,..,..,..,..,..,..,..,..,..
Proporción de escaños ocupados por mujeres en los parlamentos nacionales (%),SG.GEN.PARL.ZS,Chile,CHL,..,10.8333333333333,14.1666666666667,14.1666666666667,15.8333333333333,15.8333333333333,15.8333333333333,15.8333333333333,..,22.5806451612903,22.5806451612903,22.5806451612903
Proporción de escaños ocupados por mujeres en los parlamentos nacionales (%),SG.GEN.PARL.ZS,China,CHN,..,21.7828418230563,21.3230355943586,21.3230355943586,23.40140609307,23.40140609307,23.6228455559311,23.6228455559311,24.2476060191518,24.8993288590604,24.9411764705882,24.9411764705882
Proporción de escaños ocupados por mujeres en los parlamentos nacionales (%),SG.GEN.PARL.ZS,Colombia,COL,..,11.8012422360248,12.1212121212121,12.1212121212121,12.1212121212121,19.8795180722892,19.8795180722892,19.8795180722892,18.6746987951807,18.1286549707602,18.7134502923977,18.3431952662722
Proporción de escaños ocupados por mujeres en los parlamentos nacionales (%),SG.GEN.PARL.ZS,Comoras,COM,..,..,3.03030303030303,3.03030303030303,3.03030303030303,3.03030303030303,3.03030303030303,3.03030303030303,6.06060606060606,6.06060606060606,6.06060606060606,16.6666666666667
Proporción de escaños ocupados por mujeres en los parlamentos nacionales (%),SG.GEN.PARL.ZS,"Congo, República Democrática del",COD,..,..,..,8.94308943089431,8.94308943089431,10.6425702811245,8.94308943089431,8.94308943089431,8.94308943089431,8.94308943089431,10,12.8
Proporción de escaños ocupados por mujeres en los parlamentos nacionales (%),SG.GEN.PARL.ZS,"Congo, República del",COG,..,12,7.2992700729927,7.35294117647059,7.35294117647059,7.35294117647059,7.35294117647059,7.35294117647059,11.2582781456954,11.2582781456954,11.2582781456954,11.2582781456954
Proporción de escaños ocupados por mujeres en los parlamentos nacionales (%),SG.GEN.PARL.ZS,Costa Rica,CRI,..,19.2982456140351,38.5964912280702,38.5964912280702,38.5964912280702,33.3333333333333,33.3333333333333,33.3333333333333,35.0877192982456,45.6140350877193,45.6140350877193,45.6140350877193
Proporción de escaños ocupados por mujeres en los parlamentos nacionales (%),SG.GEN.PARL.ZS,Côte d'Ivoire,CIV,..,..,11.0236220472441,10.4417670682731,10.4417670682731,9.44881889763779,9.16334661354582,9.16334661354582,10.5882352941176,10.5882352941176,10.9803921568627,11.3725490196078
Proporción de escaños ocupados por mujeres en los parlamentos nacionales (%),SG.GEN.PARL.ZS,Croacia,HRV,..,20.5298013245033,23.841059602649,23.841059602649,23.841059602649,23.841059602649,15.2317880794702,12.5827814569536,18.5430463576159,18.5430463576159,20.5298013245033,31.1258278145695
Proporción de escaños ocupados por mujeres en los parlamentos nacionales (%),SG.GEN.PARL.ZS,Cuba,CUB,..,27.6206322795341,45.221843003413,45.221843003413,48.8562091503268,48.8562091503268,48.8562091503268,48.8562091503268,48.8562091503268,53.2231404958678,53.2231404958678,53.2231404958678
Proporción de escaños ocupados por mujeres en los parlamentos nacionales (%),SG.GEN.PARL.ZS,Curacao,CUW,..,..,..,..,..,..,..,..,..,..,..,..
Proporción de escaños ocupados por mujeres en los parlamentos nacionales (%),SG.GEN.PARL.ZS,Chipre,CYP,..,7.14285714285714,10.7142857142857,10.7142857142857,10.7142857142857,12.5,12.5,17.8571428571429,17.8571428571429,17.8571428571429,17.8571428571429,19.6428571428571
Proporción de escaños ocupados por mujeres en los parlamentos nacionales (%),SG.GEN.PARL.ZS,República Checa,CZE,..,15,22,22,19.5,19.5,20,20,22,22,22.5,22.5
Proporción de escaños ocupados por mujeres en los parlamentos nacionales (%),SG.GEN.PARL.ZS,Dinamarca,DNK,..,37.4301675977654,39.1061452513966,39.1061452513966,39.1061452513966,39.1061452513966,37.4301675977654,37.4301675977654,37.4301675977654,37.4301675977654,39.1061452513966,39.6648044692737
Proporción de escaños ocupados por mujeres en los parlamentos nacionales (%),SG.GEN.PARL.ZS,Djibouti,DJI,..,0,13.8461538461538,13.8461538461538,12.7272727272727,12.7272727272727,12.7272727272727,12.7272727272727,10.7692307692308,26.1538461538462,26.1538461538462,26.1538461538462
Proporción de escaños ocupados por mujeres en los parlamentos nacionales (%),SG.GEN.PARL.ZS,Dominica,DMA,..,..,12.5,12.5,12.5,12.9032258064516,21.875,21.875,25,25,25,34.375
Proporción de escaños ocupados por mujeres en los parlamentos nacionales (%),SG.GEN.PARL.ZS,República Dominicana,DOM,..,16.1073825503356,20.7650273224044,20.7650273224044,20.7650273224044,20.7650273224044,20.7650273224044,26.8421052631579,26.8421052631579,26.8421052631579,26.8421052631579,27.8947368421053
Proporción de escaños ocupados por mujeres en los parlamentos nacionales (%),SG.GEN.PARL.ZS,Ecuador,ECU,..,14.6341463414634,32.258064516129,32.258064516129,38.6861313868613,41.6058394160584,41.6058394160584,41.6058394160584,37.956204379562,37.956204379562,37.956204379562,39.4160583941606
Proporción de escaños ocupados por mujeres en los parlamentos nacionales (%),SG.GEN.PARL.ZS,"Egipto, República Árabe de",EGY,..,1.98237885462555,1.96850393700787,1.96850393700787,..,..,..,14.9328859060403,14.9328859060403,14.9328859060403,14.9328859060403,15.1006711409396
Proporción de escaños ocupados por mujeres en los parlamentos nacionales (%),SG.GEN.PARL.ZS,El Salvador,SLV,..,9.52380952380952,19.047619047619,26.1904761904762,26.1904761904762,27.3809523809524,32.1428571428571,32.1428571428571,32.1428571428571,30.952380952381,30.952380952381,33.3333333333333
Proporción de escaños ocupados por mujeres en los parlamentos nacionales (%),SG.GEN.PARL.ZS,Guinea Ecuatorial,GNQ,..,5,10,10,12.1212121212121,24,24,24,..,20,21,21
Proporción de escaños ocupados por mujeres en los parlamentos nacionales (%),SG.GEN.PARL.ZS,Eritrea,ERI,..,14.6666666666667,22,22,22,22,22,22,22,22,22,..
Proporción de escaños ocupados por mujeres en los parlamentos nacionales (%),SG.GEN.PARL.ZS,Estonia,EST,..,17.8217821782178,19.8019801980198,20.7920792079208,20.7920792079208,19,23.7623762376238,23.7623762376238,26.7326732673267,26.7326732673267,29.7029702970297,28.7128712871287
Proporción de escaños ocupados por mujeres en los parlamentos nacionales (%),SG.GEN.PARL.ZS,Eswatini,SWZ,..,3.07692307692308,13.6363636363636,13.6363636363636,6.15384615384615,6.15384615384615,6.15384615384615,6.15384615384615,6.15384615384615,7.2463768115942,7.2463768115942,9.58904109589041
Proporción de escaños ocupados por mujeres en los parlamentos nacionales (%),SG.GEN.PARL.ZS,Etiopía,ETH,..,7.69230769230769,27.7879341864717,27.7879341864717,27.7879341864717,27.7879341864717,38.7568555758684,38.7568555758684,38.7568555758684,38.7568555758684,38.7568555758684,38.7568555758684
Proporción de escaños ocupados por mujeres en los parlamentos nacionales (%),SG.GEN.PARL.ZS,Islas Feroe,FRO,..,..,..,..,..,..,..,..,..,..,..,..
Proporción de escaños ocupados por mujeres en los parlamentos nacionales (%),SG.GEN.PARL.ZS,Fiji,FJI,..,..,..,..,..,14,16,16,16,19.6078431372549,19.6078431372549,19.6078431372549
Proporción de escaños ocupados por mujeres en los parlamentos nacionales (%),SG.GEN.PARL.ZS,Finlandia,FIN,..,36.5,42.5,42.5,42.5,42.5,41.5,41.5,42,42,47,46
Proporción de escaños ocupados por mujeres en los parlamentos nacionales (%),SG.GEN.PARL.ZS,Francia,FRA,..,10.9185441941075,18.8908145580589,26.8630849220104,26.8630849220104,26.1698440207972,26.1698440207972,26.1698440207972,38.9948006932409,39.5833333333333,39.6880415944541,39.5147313691508
Proporción de escaños ocupados por mujeres en los parlamentos nacionales (%),SG.GEN.PARL.ZS,Polinesia Francesa,PYF,..,..,..,..,..,..,..,..,..,..,..,..
Proporción de escaños ocupados por mujeres en los parlamentos nacionales (%),SG.GEN.PARL.ZS,Gabón,GAB,..,9.16666666666667,14.1666666666667,15.7894736842105,15.7894736842105,15,14.1666666666667,14.1666666666667,17.0940170940171,..,17.910447761194,14.7887323943662
Proporción de escaños ocupados por mujeres en los parlamentos nacionales (%),SG.GEN.PARL.ZS,Gambia,GMB,..,2.04081632653061,7.54716981132075,7.54716981132075,7.54716981132075,9.43396226415094,9.43396226415094,9.43396226415094,10.3448275862069,10.3448275862069,10.3448275862069,8.62068965517241
Proporción de escaños ocupados por mujeres en los parlamentos nacionales (%),SG.GEN.PARL.ZS,Georgia,GEO,..,7.23404255319149,6.56934306569343,12,12,12,11.3333333333333,16,16,16,14.7651006711409,14.0939597315436
Proporción de escaños ocupados por mujeres en los parlamentos nacionales (%),SG.GEN.PARL.ZS,Alemania,DEU,..,30.9417040358744,32.9032258064516,32.9032258064516,36.4500792393027,36.4500792393027,36.4500792393027,36.4500792393027,30.7475317348378,30.7475317348378,30.8885754583921,31.1706629055007
Proporción de escaños ocupados por mujeres en los parlamentos nacionales (%),SG.GEN.PARL.ZS,Ghana,GHA,..,..,8.26086956521739,..,10.9090909090909,10.9090909090909,10.9090909090909,10.9090909090909,12.7272727272727,12.7272727272727,13.0909090909091,13.0909090909091
Proporción de escaños ocupados por mujeres en los parlamentos nacionales (%),SG.GEN.PARL.ZS,Gibraltar,GIB,..,..,..,..,..,..,..,..,..,..,..,..
Proporción de escaños ocupados por mujeres en los parlamentos nacionales (%),SG.GEN.PARL.ZS,Grecia,GRC,..,8.66666666666667,18.6666666666667,21,21,21,19.6666666666667,19.6666666666667,18.3333333333333,18.6666666666667,20.6666666666667,21.6666666666667
Proporción de escaños ocupados por mujeres en los parlamentos nacionales (%),SG.GEN.PARL.ZS,Groenlandia,GRL,..,..,..,..,..,..,..,..,..,..,..,..
Proporción de escaños ocupados por mujeres en los parlamentos nacionales (%),SG.GEN.PARL.ZS,Granada,GRD,..,26.6666666666667,13.3333333333333,13.3333333333333,33.3333333333333,33.3333333333333,33.3333333333333,33.3333333333333,33.3333333333333,46.6666666666667,46.6666666666667,46.6666666666667
Proporción de escaños ocupados por mujeres en los parlamentos nacionales (%),SG.GEN.PARL.ZS,Guam,GUM,..,..,..,..,..,..,..,..,..,..,..,..
Proporción de escaños ocupados por mujeres en los parlamentos nacionales (%),SG.GEN.PARL.ZS,Guatemala,GTM,..,8.84955752212389,13.2911392405063,13.2911392405063,13.2911392405063,13.2911392405063,13.9240506329114,13.9240506329114,12.6582278481013,12.6582278481013,19.375,19.375
Proporción de escaños ocupados por mujeres en los parlamentos nacionales (%),SG.GEN.PARL.ZS,Guinea,GIN,..,8.7719298245614,..,..,..,21.9298245614035,21.9298245614035,21.9298245614035,21.9298245614035,21.9298245614035,22.8070175438596,16.6666666666667
Proporción de escaños ocupados por mujeres en los parlamentos nacionales (%),SG.GEN.PARL.ZS,Guinea-Bissau,GNB,..,7.84313725490196,10,14,14,13.7254901960784,13.7254901960784,13.7254901960784,13.7254901960784,13.7254901960784,13.7254901960784,13.7254901960784
Proporción de escaños ocupados por mujeres en los parlamentos nacionales (%),SG.GEN.PARL.ZS,Guyana,GUY,..,18.4615384615385,31.3432835820896,31.3432835820896,31.3432835820896,31.3432835820896,30.4347826086957,30.4347826086957,31.8840579710145,31.8840579710145,31.8840579710145,35.7142857142857
Proporción de escaños ocupados por mujeres en los parlamentos nacionales (%),SG.GEN.PARL.ZS,Haití,HTI,..,..,4.21052631578947,4.21052631578947,4.21052631578947,4.21052631578947,4.21052631578947,0,2.54237288135593,2.54237288135593,2.54237288135593,..
Proporción de escaños ocupados por mujeres en los parlamentos nacionales (%),SG.GEN.PARL.ZS,Honduras,HND,..,9.375,19.53125,19.53125,..,25.78125,25.78125,25.78125,..,21.09375,21.09375,21.09375
Proporción de escaños ocupados por mujeres en los parlamentos nacionales (%),SG.GEN.PARL.ZS,"Hong Kong, Región Administrativa Especial",HKG,..,..,..,..,..,..,..,..,..,..,..,..
Proporción de escaños ocupados por mujeres en los parlamentos nacionales (%),SG.GEN.PARL.ZS,Hungría,HUN,..,8.29015544041451,8.80829015544041,8.80829015544041,8.80829015544041,10.0502512562814,10.1010101010101,10.1010101010101,10.0502512562814,12.5628140703518,12.5628140703518,12.0603015075377
Proporción de escaños ocupados por mujeres en los parlamentos nacionales (%),SG.GEN.PARL.ZS,Islandia,ISL,..,34.9206349206349,39.6825396825397,39.6825396825397,39.6825396825397,39.6825396825397,41.2698412698413,47.6190476190476,38.0952380952381,38.0952380952381,38.0952380952381,38.0952380952381
Proporción de escaños ocupados por mujeres en los parlamentos nacionales (%),SG.GEN.PARL.ZS,India,IND,..,9.00735294117647,11.0091743119266,11.0091743119266,11.0091743119266,11.4180478821363,11.9705340699816,11.9705340699816,11.8081180811808,11.8081180811808,14.3911439114391,14.3646408839779
Proporción de escaños ocupados por mujeres en los parlamentos nacionales (%),SG.GEN.PARL.ZS,Indonesia,IDN,..,8,18.2142857142857,18.5714285714286,18.5714285714286,16.9369369369369,17.1171171171171,17.1171171171171,19.8214285714286,19.8214285714286,17.3913043478261,20.3478260869565
Proporción de escaños ocupados por mujeres en los parlamentos nacionales (%),SG.GEN.PARL.ZS,"Irán, República Islámica del",IRN,..,3.44827586206897,2.75862068965517,3.10344827586207,3.10344827586207,3.10344827586207,3.10344827586207,5.88235294117647,5.88235294117647,5.88235294117647,5.88235294117647,5.59440559440559
Proporción de escaños ocupados por mujeres en los parlamentos nacionales (%),SG.GEN.PARL.ZS,Iraq,IRQ,..,7.6,25.2307692307692,25.2307692307692,25.2307692307692,25.3048780487805,26.5243902439024,26.5243902439024,25.3048780487805,25.2279635258359,25.2279635258359,26.4437689969605
Proporción de escaños ocupados por mujeres en los parlamentos nacionales (%),SG.GEN.PARL.ZS,Irlanda,IRL,..,12.0481927710843,15.0602409638554,15.0602409638554,15.6626506024096,15.6626506024096,16.2650602409639,22.1518987341772,22.1518987341772,22.1518987341772,22.1518987341772,22.5
Proporción de escaños ocupados por mujeres en los parlamentos nacionales (%),SG.GEN.PARL.ZS,Isla de Man,IMN,..,..,..,..,..,..,..,..,..,..,..,..
Proporción de escaños ocupados por mujeres en los parlamentos nacionales (%),SG.GEN.PARL.ZS,Israel,ISR,..,12.5,20,20,22.5,22.5,26.6666666666667,26.6666666666667,27.5,27.5,23.3333333333333,27.5
Proporción de escaños ocupados por mujeres en los parlamentos nacionales (%),SG.GEN.PARL.ZS,Italia,ITA,..,11.1111111111111,21.5873015873016,21.4285714285714,31.4285714285714,31.4285714285714,30.952380952381,30.952380952381,30.952380952381,35.7142857142857,35.7142857142857,35.7142857142857
Proporción de escaños ocupados por mujeres en los parlamentos nacionales (%),SG.GEN.PARL.ZS,Jamaica,JAM,..,13.3333333333333,12.6984126984127,12.6984126984127,12.6984126984127,12.6984126984127,12.6984126984127,17.4603174603175,17.4603174603175,17.4603174603175,17.4603174603175,28.5714285714286
Proporción de escaños ocupados por mujeres en los parlamentos nacionales (%),SG.GEN.PARL.ZS,Japón,JPN,..,7.29166666666667,10.8333333333333,7.91666666666667,8.125,8.125,9.47368421052632,9.47368421052632,10.1075268817204,10.1075268817204,10.1075268817204,9.89247311827957
Proporción de escaños ocupados por mujeres en los parlamentos nacionales (%),SG.GEN.PARL.ZS,Jordania,JOR,..,0,10.8333333333333,10.8333333333333,12.1621621621622,12,12,15.3846153846154,15.3846153846154,15.3846153846154,15.3846153846154,15.3846153846154
Proporción de escaños ocupados por mujeres en los parlamentos nacionales (%),SG.GEN.PARL.ZS,Kazajstán,KAZ,..,10.3896103896104,17.7570093457944,24.2990654205607,24.2990654205607,25.2173913043478,26.1682242990654,27.1028037383178,27.1028037383178,27.1028037383178,27.1028037383178,27.1028037383178
Proporción de escaños ocupados por mujeres en los parlamentos nacionales (%),SG.GEN.PARL.ZS,Kenya,KEN,..,3.57142857142857,9.82142857142857,9.82142857142857,18.5714285714286,19.1428571428571,19.7142857142857,19.7142857142857,21.7765042979943,21.7765042979943,21.7765042979943,21.7765042979943
Proporción de escaños ocupados por mujeres en los parlamentos nacionales (%),SG.GEN.PARL.ZS,Kiribati,KIR,..,4.8780487804878,8.69565217391304,8.69565217391304,8.69565217391304,8.69565217391304,8.69565217391304,6.52173913043478,6.52173913043478,6.52173913043478,6.52173913043478,8.88888888888889
Proporción de escaños ocupados por mujeres en los parlamentos nacionales (%),SG.GEN.PARL.ZS,"Corea, República Popular Democrática de",PRK,..,20.0873362445415,15.5749636098981,15.5749636098981,15.5749636098981,16.3027656477438,16.3027656477438,16.3027656477438,16.3027656477438,16.3027656477438,17.6128093158661,17.6128093158661
Proporción de escaños ocupados por mujeres en los parlamentos nacionales (%),SG.GEN.PARL.ZS,"Corea, República de",KOR,..,5.86080586080586,14.7157190635452,15.6666666666667,15.6666666666667,16.3333333333333,16.3333333333333,17,17,17,16.6666666666667,19
Proporción de escaños ocupados por mujeres en los parlamentos nacionales (%),SG.GEN.PARL.ZS,Kosovo,XKX,..,..,..,..,..,..,..,..,..,..,..,..
Proporción de escaños ocupados por mujeres en los parlamentos nacionales (%),SG.GEN.PARL.ZS,Kuwait,KWT,..,0,7.69230769230769,6.15384615384615,6.15384615384615,1.53846153846154,1.53846153846154,2,3.07692307692308,3.07692307692308,4.61538461538462,6.34920634920635
Proporción de escaños ocupados por mujeres en los parlamentos nacionales (%),SG.GEN.PARL.ZS,Kirguistán,KGZ,..,2.32558139534884,23.3333333333333,23.3333333333333,23.3333333333333,23.3333333333333,19.1666666666667,19.1666666666667,19.1666666666667,19.1666666666667,19.1666666666667,19.1666666666667
Proporción de escaños ocupados por mujeres en los parlamentos nacionales (%),SG.GEN.PARL.ZS,República Democrática Popular Lao,LAO,..,21.2121212121212,25,25,25,25,25,27.5167785234899,27.5167785234899,27.5167785234899,27.5167785234899,27.5167785234899
Proporción de escaños ocupados por mujeres en los parlamentos nacionales (%),SG.GEN.PARL.ZS,Letonia,LVA,..,17,23,23,23,18,18,18,16,31,30,30
Proporción de escaños ocupados por mujeres en los parlamentos nacionales (%),SG.GEN.PARL.ZS,Líbano,LBN,..,2.34375,3.125,3.125,3.125,3.125,3.125,3.125,3.125,4.6875,4.6875,4.6875
Proporción de escaños ocupados por mujeres en los parlamentos nacionales (%),SG.GEN.PARL.ZS,Lesotho,LSO,..,3.79746835443038,24.1666666666667,26.6666666666667,26.6666666666667,26.6666666666667,25,25,22.1311475409836,22.1311475409836,23.3333333333333,23.3333333333333
Proporción de escaños ocupados por mujeres en los parlamentos nacionales (%),SG.GEN.PARL.ZS,Liberia,LBR,..,7.8125,9.58904109589041,10.958904109589,10.958904109589,10.958904109589,10.958904109589,10.958904109589,9.85915492957746,12.3287671232877,12.3287671232877,12.3287671232877
Proporción de escaños ocupados por mujeres en los parlamentos nacionales (%),SG.GEN.PARL.ZS,Libia,LBY,..,..,..,16.5,16.5,15.9574468085106,15.9574468085106,15.9574468085106,15.9574468085106,15.9574468085106,15.9574468085106,15.9574468085106
Proporción de escaños ocupados por mujeres en los parlamentos nacionales (%),SG.GEN.PARL.ZS,Liechtenstein,LIE,..,4,24,24,20,20,20,20,12,12,12,12
Proporción de escaños ocupados por mujeres en los parlamentos nacionales (%),SG.GEN.PARL.ZS,Lituania,LTU,..,10.6382978723404,19.1489361702128,24.4604316546763,24.113475177305,24.113475177305,23.4042553191489,21.2765957446809,21.2765957446809,21.2765957446809,21.2765957446809,24.113475177305
Proporción de escaños ocupados por mujeres en los parlamentos nacionales (%),SG.GEN.PARL.ZS,Luxemburgo,LUX,..,16.6666666666667,25,21.6666666666667,28.3333333333333,28.3333333333333,28.3333333333333,28.3333333333333,28.3333333333333,20,25,30
Proporción de escaños ocupados por mujeres en los parlamentos nacionales (%),SG.GEN.PARL.ZS,"Región Administrativa Especial de Macao, China",MAC,..,..,..,..,..,..,..,..,..,..,..,..
Proporción de escaños ocupados por mujeres en los parlamentos nacionales (%),SG.GEN.PARL.ZS,Madagascar,MDG,..,8,12.5,17.4863387978142,17.4863387978142,20.5298013245033,20.5298013245033,20.5298013245033,19.205298013245,19.205298013245,15.8940397350993,17.8807947019868
Proporción de escaños ocupados por mujeres en los parlamentos nacionales (%),SG.GEN.PARL.ZS,Malawi,MWI,..,9.32642487046632,22.279792746114,22.279792746114,22.279792746114,16.6666666666667,16.6666666666667,16.6666666666667,16.6666666666667,16.6666666666667,22.9166666666667,22.9166666666667
Proporción de escaños ocupados por mujeres en los parlamentos nacionales (%),SG.GEN.PARL.ZS,Malasia,MYS,..,10.3626943005181,10.4072398190045,10.4072398190045,10.3603603603604,10.3603603603604,10.3603603603604,10.3603603603604,10.3603603603604,13.9013452914798,14.4144144144144,14.8648648648649
Proporción de escaños ocupados por mujeres en los parlamentos nacionales (%),SG.GEN.PARL.ZS,Maldivas,MDV,..,6,6.49350649350649,6.49350649350649,6.49350649350649,5.88235294117647,5.88235294117647,5.88235294117647,5.88235294117647,5.88235294117647,4.59770114942529,4.59770114942529
Proporción de escaños ocupados por mujeres en los parlamentos nacionales (%),SG.GEN.PARL.ZS,Malí,MLI,..,12.2448979591837,10.2040816326531,10.2040816326531,..,9.52380952380952,8.84353741496599,8.84353741496599,8.84353741496599,8.84353741496599,9.52380952380952,27.891156462585
Proporción de escaños ocupados por mujeres en los parlamentos nacionales (%),SG.GEN.PARL.ZS,Malta,MLT,..,9.23076923076923,8.69565217391304,8.69565217391304,14.2857142857143,14.2857142857143,12.8571428571429,12.8571428571429,11.9402985074627,11.9402985074627,14.9253731343284,13.4328358208955
Proporción de escaños ocupados por mujeres en los parlamentos nacionales (%),SG.GEN.PARL.ZS,Islas Marshall,MHL,..,3.03030303030303,3.03030303030303,3.03030303030303,3.03030303030303,3.03030303030303,9.09090909090909,9.09090909090909,9.09090909090909,9.09090909090909,6.06060606060606,6.06060606060606
Proporción de escaños ocupados por mujeres en los parlamentos nacionales (%),SG.GEN.PARL.ZS,Mauritania,MRT,..,3.79746835443038,22.1052631578947,22.1052631578947,..,25.1700680272109,25.1700680272109,25.1700680272109,25.1700680272109,20.2614379084967,20.2614379084967,20.2614379084967
Proporción de escaños ocupados por mujeres en los parlamentos nacionales (%),SG.GEN.PARL.ZS,Mauricio,MUS,..,5.71428571428571,18.8405797101449,18.8405797101449,18.8405797101449,18.8405797101449,11.5942028985507,11.5942028985507,11.5942028985507,11.5942028985507,20,20
Proporción de escaños ocupados por mujeres en los parlamentos nacionales (%),SG.GEN.PARL.ZS,México,MEX,..,16,26.2,36.8,36.8,37.4,42.3694779116466,42.4,42.6,48.2,48.2,48.2
Proporción de escaños ocupados por mujeres en los parlamentos nacionales (%),SG.GEN.PARL.ZS,Micronesia (Estados Federados de),FSM,..,0,0,0,0,0,0,0,0,0,0,0
Proporción de escaños ocupados por mujeres en los parlamentos nacionales (%),SG.GEN.PARL.ZS,República de Moldova,MDA,..,7.92079207920792,19.8019801980198,19.8019801980198,19.8019801980198,17.8217821782178,21.7821782178218,21.7821782178218,22.7722772277228,22.7722772277228,25.7425742574257,24.7524752475248
Proporción de escaños ocupados por mujeres en los parlamentos nacionales (%),SG.GEN.PARL.ZS,Mónaco,MCO,..,22.2222222222222,19.047619047619,19.047619047619,20.8333333333333,20.8333333333333,20.8333333333333,20.8333333333333,20.8333333333333,33.3333333333333,33.3333333333333,33.3333333333333
Proporción de escaños ocupados por mujeres en los parlamentos nacionales (%),SG.GEN.PARL.ZS,Mongolia,MNG,..,10.5263157894737,3.94736842105263,14.8648648648649,14.8648648648649,14.8648648648649,14.4736842105263,17.1052631578947,17.1052631578947,17.1052631578947,17.3333333333333,17.3333333333333
Proporción de escaños ocupados por mujeres en los parlamentos nacionales (%),SG.GEN.PARL.ZS,Montenegro,MNE,..,..,12.3456790123457,17.2839506172839,16.0493827160494,17.2839506172839,17.2839506172839,23.4567901234568,23.4567901234568,23.4567901234568,28.3950617283951,22.2222222222222
Proporción de escaños ocupados por mujeres en los parlamentos nacionales (%),SG.GEN.PARL.ZS,Marruecos,MAR,..,0.615384615384615,16.9620253164557,16.9620253164557,16.9620253164557,16.9620253164557,16.9620253164557,20.5063291139241,20.5063291139241,20.5063291139241,20.5063291139241,20.5063291139241
Proporción de escaños ocupados por mujeres en los parlamentos nacionales (%),SG.GEN.PARL.ZS,Mozambique,MOZ,..,30,39.2,39.2,39.2,..,39.6,39.6,39.6,39.6,41.2,42.4
Proporción de escaños ocupados por mujeres en los parlamentos nacionales (%),SG.GEN.PARL.ZS,Myanmar,MMR,..,..,3.54430379746835,6.03248259860789,6.03248259860789,5.59440559440559,12.6934984520124,9.93071593533487,10.161662817552,10.161662817552,11.3163972286374,11.1111111111111
Proporción de escaños ocupados por mujeres en los parlamentos nacionales (%),SG.GEN.PARL.ZS,Namibia,NAM,..,25,24.3589743589744,24.3589743589744,24.3589743589744,..,41.3461538461538,41.3461538461538,41.3461538461538,46.1538461538462,42.7083333333333,43.2692307692308
Proporción de escaños ocupados por mujeres en los parlamentos nacionales (%),SG.GEN.PARL.ZS,Nauru,NRU,..,..,0,0,5.26315789473684,5.26315789473684,5.26315789473684,5.26315789473684,10.5263157894737,10.5263157894737,10.5263157894737,10.5263157894737
Proporción de escaños ocupados por mujeres en los parlamentos nacionales (%),SG.GEN.PARL.ZS,Nepal,NPL,..,5.85365853658537,33.1649831649832,33.1649831649832,..,29.4807370184255,29.5492487479132,29.5798319327731,29.5798319327731,32.7272727272727,32.7272727272727,32.7272727272727
Proporción de escaños ocupados por mujeres en los parlamentos nacionales (%),SG.GEN.PARL.ZS,Países Bajos,NLD,..,36,40.6666666666667,38.6666666666667,38.6666666666667,38.6666666666667,37.3333333333333,37.3333333333333,36,36,31.3333333333333,33.3333333333333
Proporción de escaños ocupados por mujeres en los parlamentos nacionales (%),SG.GEN.PARL.ZS,Nueva Caledonia,NCL,..,..,..,..,..,..,..,..,..,..,..,..
Proporción de escaños ocupados por mujeres en los parlamentos nacionales (%),SG.GEN.PARL.ZS,Nueva Zelandia,NZL,..,30.8333333333333,32.2314049586777,32.2314049586777,32.2314049586777,29.7520661157025,31.404958677686,31.404958677686,38.3333333333333,38.3333333333333,40.8333333333333,40.8333333333333
Proporción de escaños ocupados por mujeres en los parlamentos nacionales (%),SG.GEN.PARL.ZS,Nicaragua,NIC,..,9.67741935483871,40.2173913043478,40.2173913043478,40.2173913043478,42.3913043478261,41.304347826087,45.6521739130435,45.6521739130435,45.6521739130435,44.5652173913043,47.2527472527472
Proporción de escaños ocupados por mujeres en los parlamentos nacionales (%),SG.GEN.PARL.ZS,Níger,NER,..,1.20481927710843,13.2743362831858,13.2743362831858,13.2743362831858,13.2743362831858,13.2743362831858,14.6198830409357,16.9590643274854,16.9590643274854,16.9590643274854,16.9590643274854
Proporción de escaños ocupados por mujeres en los parlamentos nacionales (%),SG.GEN.PARL.ZS,Nigeria,NGA,..,3.41880341880342,6.81818181818182,6.66666666666667,6.66666666666667,6.66666666666667,5.55555555555556,5.55555555555556,5.55555555555556,5.55555555555556,3.38028169014084,3.63128491620112
Proporción de escaños ocupados por mujeres en los parlamentos nacionales (%),SG.GEN.PARL.ZS,Macedonia del Norte,MKD,..,6.66666666666667,30.8943089430894,32.520325203252,34.1463414634146,33.3333333333333,33.3333333333333,33.3333333333333,37.5,38.3333333333333,39.1666666666667,38.3333333333333
Proporción de escaños ocupados por mujeres en los parlamentos nacionales (%),SG.GEN.PARL.ZS,Mariana,MNP,..,..,..,..,..,..,..,..,..,..,..,..
Proporción de escaños ocupados por mujeres en los parlamentos nacionales (%),SG.GEN.PARL.ZS,Noruega,NOR,..,36.3636363636364,39.6449704142012,39.6449704142012,39.6449704142012,39.6449704142012,39.6449704142012,39.6449704142012,41.4201183431953,41.4201183431953,40.8284023668639,41.4201183431953
Proporción de escaños ocupados por mujeres en los parlamentos nacionales (%),SG.GEN.PARL.ZS,Omán,OMN,..,..,1.19047619047619,1.19047619047619,1.19047619047619,1.19047619047619,1.17647058823529,1.17647058823529,1.17647058823529,1.17647058823529,2.32558139534884,2.32558139534884
Proporción de escaños ocupados por mujeres en los parlamentos nacionales (%),SG.GEN.PARL.ZS,Pakistán,PAK,..,..,22.5146198830409,22.5146198830409,20.7430340557276,20.7430340557276,20.5882352941176,20.5882352941176,20.5882352941176,20.2346041055718,20.2346041055718,20.1754385964912
Proporción de escaños ocupados por mujeres en los parlamentos nacionales (%),SG.GEN.PARL.ZS,Palau,PLW,..,0,0,0,0,0,0,12.5,12.5,12.5,12.5,12.5
Proporción de escaños ocupados por mujeres en los parlamentos nacionales (%),SG.GEN.PARL.ZS,Panamá,PAN,..,9.85915492957746,8.45070422535211,8.45070422535211,8.45070422535211,19.2982456140351,18.3098591549296,18.3098591549296,18.3098591549296,18.3098591549296,21.1267605633803,22.5352112676056
Proporción de escaños ocupados por mujeres en los parlamentos nacionales (%),SG.GEN.PARL.ZS,Papua Nueva Guinea,PNG,..,1.8348623853211,0.917431192660551,2.7027027027027,2.7027027027027,2.7027027027027,2.7027027027027,2.7027027027027,0,0,0,0
Proporción de escaños ocupados por mujeres en los parlamentos nacionales (%),SG.GEN.PARL.ZS,Paraguay,PRY,..,2.5,12.5,12.5,17.5,15,15,15,13.75,15,15,16.25
Proporción de escaños ocupados por mujeres en los parlamentos nacionales (%),SG.GEN.PARL.ZS,Perú,PER,..,..,21.5384615384615,21.5384615384615,21.5384615384615,22.3076923076923,22.3076923076923,27.6923076923077,27.6923076923077,27.6923076923077,30,26.1538461538462
Proporción de escaños ocupados por mujeres en los parlamentos nacionales (%),SG.GEN.PARL.ZS,Filipinas,PHL,..,11.2612612612613,22.887323943662,22.887323943662,27.3356401384083,27.3356401384083,27.2413793103448,29.7945205479452,29.4520547945205,29.4520547945205,27.9605263157895,27.9605263157895
Proporción de escaños ocupados por mujeres en los parlamentos nacionales (%),SG.GEN.PARL.ZS,Polonia,POL,..,13.0434782608696,23.695652173913,23.695652173913,23.695652173913,24.3478260869565,27.3913043478261,27.3913043478261,28.0434782608696,28.0434782608696,28.695652173913,28.695652173913
Proporción de escaños ocupados por mujeres en los parlamentos nacionales (%),SG.GEN.PARL.ZS,Portugal,PRT,..,17.3913043478261,28.695652173913,28.695652173913,31.304347826087,31.304347826087,34.7826086956522,34.7826086956522,34.7826086956522,34.7826086956522,38.695652173913,40
Proporción de escaños ocupados por mujeres en los parlamentos nacionales (%),SG.GEN.PARL.ZS,Puerto Rico,PRI,..,..,..,..,..,..,..,..,..,..,..,..
Proporción de escaños ocupados por mujeres en los parlamentos nacionales (%),SG.GEN.PARL.ZS,Qatar,QAT,..,..,0,0,0,0,0,0,9.75609756097561,9.75609756097561,9.75609756097561,9.75609756097561
Proporción de escaños ocupados por mujeres en los parlamentos nacionales (%),SG.GEN.PARL.ZS,Rumania,ROU,..,..,11.2121212121212,13.3495145631068,13.3495145631068,13.5135135135135,13.715710723192,13.715710723192,20.6686930091185,20.6686930091185,21.8844984802432,21.8844984802432
Proporción de escaños ocupados por mujeres en los parlamentos nacionales (%),SG.GEN.PARL.ZS,Federación de Rusia,RUS,..,7.70975056689342,13.5555555555556,13.5555555555556,13.5555555555556,13.5555555555556,13.5555555555556,12.6666666666667,15.7777777777778,15.7777777777778,15.7777777777778,15.7777777777778
Proporción de escaños ocupados por mujeres en los parlamentos nacionales (%),SG.GEN.PARL.ZS,Rwanda,RWA,..,25.7142857142857,56.25,56.25,63.75,63.75,63.75,63.75,61.25,61.25,61.25,61.25
Proporción de escaños ocupados por mujeres en los parlamentos nacionales (%),SG.GEN.PARL.ZS,Samoa,WSM,..,8.16326530612245,4.08163265306122,4.08163265306122,4.08163265306122,6.12244897959184,6.12244897959184,10,10,10,10,10
Proporción de escaños ocupados por mujeres en los parlamentos nacionales (%),SG.GEN.PARL.ZS,San Marino,SMR,..,13.3333333333333,18.3333333333333,16.6666666666667,18.3333333333333,18.3333333333333,16.6666666666667,23.3333333333333,26.6666666666667,26.6666666666667,25,33.3333333333333
Proporción de escaños ocupados por mujeres en los parlamentos nacionales (%),SG.GEN.PARL.ZS,Santo Tomé y Príncipe,STP,..,9.09090909090909,18.1818181818182,18.1818181818182,18.1818181818182,18.1818181818182,18.1818181818182,18.1818181818182,18.1818181818182,14.5454545454545,14.5454545454545,14.5454545454545
Proporción de escaños ocupados por mujeres en los parlamentos nacionales (%),SG.GEN.PARL.ZS,Arabia Saudita,SAU,..,..,0,0,19.8675496688742,19.8675496688742,19.8675496688742,19.8675496688742,19.8675496688742,19.8675496688742,19.8675496688742,19.8675496688742
Proporción de escaños ocupados por mujeres en los parlamentos nacionales (%),SG.GEN.PARL.ZS,Senegal,SEN,..,12.1428571428571,22.6666666666667,42.6666666666667,42.6666666666667,43.3333333333333,42.6666666666667,42.6666666666667,41.8181818181818,41.8181818181818,41.8181818181818,43.030303030303
Proporción de escaños ocupados por mujeres en los parlamentos nacionales (%),SG.GEN.PARL.ZS,Serbia,SRB,..,..,22,33.2,33.2,34,34,34,34.4,34.4,37.6518218623482,38.8
Proporción de escaños ocupados por mujeres en los parlamentos nacionales (%),SG.GEN.PARL.ZS,Seychelles,SYC,..,23.5294117647059,43.75,43.75,43.75,43.75,43.75,21.2121212121212,21.2121212121212,21.2121212121212,21.2121212121212,21.2121212121212
Proporción de escaños ocupados por mujeres en los parlamentos nacionales (%),SG.GEN.PARL.ZS,Sierra Leona,SLE,..,8.75,12.9032258064516,12.396694214876,12.396694214876,12.0967741935484,12.396694214876,12.396694214876,12.396694214876,12.3287671232877,12.3287671232877,12.3287671232877
Proporción de escaños ocupados por mujeres en los parlamentos nacionales (%),SG.GEN.PARL.ZS,Singapur,SGP,..,4.3010752688172,22.2222222222222,24.2424242424242,24.2424242424242,25.2525252525253,23.9130434782609,23.7623762376238,23,23,23,29.4736842105263
Proporción de escaños ocupados por mujeres en los parlamentos nacionales (%),SG.GEN.PARL.ZS,Sint Maarten (Dutch part),SXM,..,..,..,..,..,..,..,..,..,..,..,..
Proporción de escaños ocupados por mujeres en los parlamentos nacionales (%),SG.GEN.PARL.ZS,República Eslovaca,SVK,..,14,16,18.6666666666667,18.6666666666667,18.6666666666667,18.6666666666667,20,20,20,20,22.6666666666667
Proporción de escaños ocupados por mujeres en los parlamentos nacionales (%),SG.GEN.PARL.ZS,Eslovenia,SVN,..,..,32.2222222222222,32.2222222222222,32.2222222222222,35.5555555555556,36.6666666666667,36.6666666666667,36.6666666666667,24.4444444444444,27.7777777777778,27.7777777777778
Proporción de escaños ocupados por mujeres en los parlamentos nacionales (%),SG.GEN.PARL.ZS,Islas Salomón,SLB,..,2.04081632653061,0,2,2,2,2,2,2,2.04081632653061,4.08163265306122,6.38297872340426
Proporción de escaños ocupados por mujeres en los parlamentos nacionales (%),SG.GEN.PARL.ZS,Somalia,SOM,..,..,6.77655677655678,13.8181818181818,13.8181818181818,13.8181818181818,13.8181818181818,..,24.3636363636364,24.3636363636364,24.3636363636364,24.3636363636364
Proporción de escaños ocupados por mujeres en los parlamentos nacionales (%),SG.GEN.PARL.ZS,Sudáfrica,ZAF,..,29.8245614035088,42.25,42.25,42.25,41.5,42,42,41.8367346938776,42.7480916030534,46.3476070528967,46.3659147869674
Proporción de escaños ocupados por mujeres en los parlamentos nacionales (%),SG.GEN.PARL.ZS,Sudán del Sur,SSD,..,..,26.5060240963855,26.5060240963855,26.5060240963855,26.5060240963855,26.5060240963855,28.4595300261097,28.4595300261097,28.4595300261097,28.4595300261097,28.4595300261097
Proporción de escaños ocupados por mujeres en los parlamentos nacionales (%),SG.GEN.PARL.ZS,España,ESP,..,28.2857142857143,36,36,36,39.7142857142857,41.1428571428571,39.1428571428571,39.1428571428571,39.1428571428571,44,44
Proporción de escaños ocupados por mujeres en los parlamentos nacionales (%),SG.GEN.PARL.ZS,Sri Lanka,LKA,..,..,5.77777777777778,5.77777777777778,5.77777777777778,5.77777777777778,4.88888888888889,5.77777777777778,5.77777777777778,5.77777777777778,5.33333333333333,5.38116591928251
Proporción de escaños ocupados por mujeres en los parlamentos nacionales (%),SG.GEN.PARL.ZS,Saint Kitts y Nevis,KNA,..,13.3333333333333,6.66666666666667,6.66666666666667,6.66666666666667,6.66666666666667,13.3333333333333,13.3333333333333,13.3333333333333,13.3333333333333,13.3333333333333,25
Proporción de escaños ocupados por mujeres en los parlamentos nacionales (%),SG.GEN.PARL.ZS,Santa Lucía,LCA,..,11.1111111111111,16.6666666666667,16.6666666666667,16.6666666666667,16.6666666666667,16.6666666666667,16.6666666666667,16.6666666666667,16.6666666666667,16.6666666666667,16.6666666666667
Proporción de escaños ocupados por mujeres en los parlamentos nacionales (%),SG.GEN.PARL.ZS,Isla de San Martín (parte francesa),MAF,..,..,..,..,..,..,..,..,..,..,..,..
Proporción de escaños ocupados por mujeres en los parlamentos nacionales (%),SG.GEN.PARL.ZS,San Vicente y las Granadinas,VCT,..,4.76190476190476,17.3913043478261,17.3913043478261,13.0434782608696,13.0434782608696,13.0434782608696,13.0434782608696,13.0434782608696,13.0434782608696,13.0434782608696,13.0434782608696
Proporción de escaños ocupados por mujeres en los parlamentos nacionales (%),SG.GEN.PARL.ZS,Sudán,SDN,..,..,24.5762711864407,24.5762711864407,24.5762711864407,24.2937853107345,30.5164319248826,30.5164319248826,30.5164319248826,30.5164319248826,..,..
Proporción de escaños ocupados por mujeres en los parlamentos nacionales (%),SG.GEN.PARL.ZS,Suriname,SUR,..,..,11.7647058823529,11.7647058823529,11.7647058823529,11.7647058823529,25.4901960784314,25.4901960784314,25.4901960784314,25.4901960784314,31.3725490196078,29.4117647058824
Proporción de escaños ocupados por mujeres en los parlamentos nacionales (%),SG.GEN.PARL.ZS,Suecia,SWE,..,42.6934097421203,44.6991404011461,44.6991404011461,44.9856733524355,44.6991404011461,43.5530085959885,43.5530085959885,43.5530085959885,46.1318051575931,47.2779369627507,46.9914040114613
Proporción de escaños ocupados por mujeres en los parlamentos nacionales (%),SG.GEN.PARL.ZS,Suiza,CHE,..,23,28.5,29,31,31,32,32,32.5,32.5,41.5,41.5
Proporción de escaños ocupados por mujeres en los parlamentos nacionales (%),SG.GEN.PARL.ZS,República Árabe Siria,SYR,..,10.4,12.4,12,12,12,12.4,13.2,13.2,13.2,13.2,11.2
Proporción de escaños ocupados por mujeres en los parlamentos nacionales (%),SG.GEN.PARL.ZS,Tayikistán,TJK,..,15,19.047619047619,19.047619047619,19.047619047619,16.9491525423729,19.047619047619,19.047619047619,19.047619047619,19.047619047619,19.047619047619,23.8095238095238
Proporción de escaños ocupados por mujeres en los parlamentos nacionales (%),SG.GEN.PARL.ZS,Tanzanía,TZA,..,..,36,36,36,36,36,36.5591397849462,37.1794871794872,37.1794871794872,36.8956743002545,36.8956743002545
Proporción de escaños ocupados por mujeres en los parlamentos nacionales (%),SG.GEN.PARL.ZS,Tailandia,THA,..,4.81283422459893,15.8,15.8,15.8,6.09137055837564,6.09137055837564,6.09137055837564,4.8,5.28455284552846,16.2,15.7464212678937
Proporción de escaños ocupados por mujeres en los parlamentos nacionales (%),SG.GEN.PARL.ZS,Timor-Leste,TLS,..,..,32.3076923076923,38.4615384615385,38.4615384615385,38.4615384615385,38.4615384615385,38.4615384615385,32.3076923076923,33.8461538461538,38.4615384615385,38.4615384615385
Proporción de escaños ocupados por mujeres en los parlamentos nacionales (%),SG.GEN.PARL.ZS,Togo,TGO,..,4.93827160493827,11.1111111111111,11.1111111111111,15.3846153846154,17.5824175824176,17.5824175824176,17.5824175824176,17.5824175824176,17.5824175824176,16.4835164835165,18.6813186813187
Proporción de escaños ocupados por mujeres en los parlamentos nacionales (%),SG.GEN.PARL.ZS,Tonga,TON,..,0,3.57142857142857,3.57142857142857,3.57142857142857,0,0,0,7.69230769230769,7.40740740740741,7.40740740740741,7.40740740740741
Proporción de escaños ocupados por mujeres en los parlamentos nacionales (%),SG.GEN.PARL.ZS,Trinidad y Tobago,TTO,..,..,28.5714285714286,28.5714285714286,28.5714285714286,28.5714285714286,30.952380952381,30.952380952381,30.952380952381,30.952380952381,30.952380952381,26.1904761904762
Proporción de escaños ocupados por mujeres en los parlamentos nacionales (%),SG.GEN.PARL.ZS,Túnez,TUN,..,11.5384615384615,26.7281105990783,26.7281105990783,26.7281105990783,31.3364055299539,31.3364055299539,31.3364055299539,31.3364055299539,31.3364055299539,22.5806451612903,24.8847926267281
Proporción de escaños ocupados por mujeres en los parlamentos nacionales (%),SG.GEN.PARL.ZS,Turquía,TUR,..,4.18181818181818,14.1818181818182,14.1818181818182,14.4160583941606,14.4160583941606,14.9090909090909,14.9090909090909,14.5719489981785,17.4496644295302,17.4496644295302,17.3174872665535
Proporción de escaños ocupados por mujeres en los parlamentos nacionales (%),SG.GEN.PARL.ZS,Turkmenistán,TKM,..,26,16.8,16.8,16.8,26.4,25.8064516129032,25.8064516129032,25.8064516129032,24.8,25,25
Proporción de escaños ocupados por mujeres en los parlamentos nacionales (%),SG.GEN.PARL.ZS,Islas Turcas y Caicos,TCA,..,..,..,..,..,..,..,..,..,..,..,..
Proporción de escaños ocupados por mujeres en los parlamentos nacionales (%),SG.GEN.PARL.ZS,Tuvalu,TUV,..,0,6.66666666666667,6.66666666666667,6.66666666666667,6.66666666666667,6.66666666666667,6.66666666666667,6.66666666666667,6.66666666666667,6.25,6.25
Proporción de escaños ocupados por mujeres en los parlamentos nacionales (%),SG.GEN.PARL.ZS,Uganda,UGA,..,17.7935943060498,34.9740932642487,34.9740932642487,34.9740932642487,34.9740932642487,34.9740932642487,33.4894613583138,34.2984409799555,34.2984409799555,34.8583877995643,34.8583877995643
Proporción de escaños ocupados por mujeres en los parlamentos nacionales (%),SG.GEN.PARL.ZS,Ucrania,UKR,..,7.77777777777778,8,9.43820224719101,9.43820224719101,11.6666666666667,12.085308056872,12.0192307692308,12.2931442080378,12.2931442080378,20.5188679245283,20.8037825059102
Proporción de escaños ocupados por mujeres en los parlamentos nacionales (%),SG.GEN.PARL.ZS,Emiratos Árabes Unidos,ARE,..,0,17.5,17.5,17.5,17.5,22.5,22.5,22.5,22.5,50,50
Proporción de escaños ocupados por mujeres en los parlamentos nacionales (%),SG.GEN.PARL.ZS,Reino Unido,GBR,..,18.361153262519,22.3076923076923,22.4615384615385,22.4615384615385,22.6153846153846,29.3846153846154,29.5839753466872,32,32.1538461538462,32,33.8461538461538
Proporción de escaños ocupados por mujeres en los parlamentos nacionales (%),SG.GEN.PARL.ZS,Estados Unidos,USA,..,..,16.8202764976959,17.9723502304147,17.8240740740741,19.3103448275862,19.3548387096774,19.1685912240185,19.3548387096774,23.5023041474654,23.4338747099768,23.4338747099768
Proporción de escaños ocupados por mujeres en los parlamentos nacionales (%),SG.GEN.PARL.ZS,Uruguay,URY,..,12.1212121212121,12.1212121212121,12.1212121212121,12.1212121212121,13.1313131313131,16.1616161616162,16.1616161616162,20.2020202020202,20.2020202020202,19.1919191919192,21.2121212121212
Proporción de escaños ocupados por mujeres en los parlamentos nacionales (%),SG.GEN.PARL.ZS,Uzbekistán,UZB,..,7.2,22,22,22,22,16,16,16,16,16,32
Proporción de escaños ocupados por mujeres en los parlamentos nacionales (%),SG.GEN.PARL.ZS,Vanuatu,VUT,..,0,1.92307692307692,0,0,0,0,0,0,0,0,0
Proporción de escaños ocupados por mujeres en los parlamentos nacionales (%),SG.GEN.PARL.ZS,Venezuela,VEN,..,..,16.969696969697,16.969696969697,16.969696969697,16.969696969697,16.969696969697,14.3712574850299,22.1556886227545,22.1556886227545,22.1556886227545,22.1556886227545
Proporción de escaños ocupados por mujeres en los parlamentos nacionales (%),SG.GEN.PARL.ZS,Viet Nam,VNM,..,26,24.4,24.4,24.4,24.2971887550201,24.2971887550201,26.7206477732794,26.7206477732794,26.7206477732794,26.7206477732794,26.7206477732794
Proporción de escaños ocupados por mujeres en los parlamentos nacionales (%),SG.GEN.PARL.ZS,Islas Vírgenes (EE.UU.),VIR,..,..,..,..,..,..,..,..,..,..,..,..
Proporción de escaños ocupados por mujeres en los parlamentos nacionales (%),SG.GEN.PARL.ZS,Ribera Occidental y Gaza,PSE,..,..,..,..,..,..,..,..,..,..,..,..
Proporción de escaños ocupados por mujeres en los parlamentos nacionales (%),SG.GEN.PARL.ZS,"Yemen, Rep. del",YEM,..,0.664451827242525,0.332225913621262,0.332225913621262,0.332225913621262,0.332225913621262,0,0,0,0,0.332225913621262,0.332225913621262
Proporción de escaños ocupados por mujeres en los parlamentos nacionales (%),SG.GEN.PARL.ZS,Zambia,ZMB,..,10.126582278481,11.4649681528662,11.4649681528662,11.4649681528662,10.7594936708861,12.6582278481013,17.9640718562874,17.9640718562874,17.9640718562874,17.9640718562874,16.7664670658683
Proporción de escaños ocupados por mujeres en los parlamentos nacionales (%),SG.GEN.PARL.ZS,Zimbabwe,ZWE,..,9.33333333333333,14.9532710280374,14.9532710280374,31.4814814814815,31.4814814814815,31.4814814814815,31.4814814814815,32.5757575757576,31.4814814814815,31.8518518518519,31.8518518518519
,,,,,,,,,,,,,,,
,,,,,,,,,,,,,,,
,,,,,,,,,,,,,,,
Data from Database: Indicadores del desarrollo mundial,,,,,,,,,,,,,,,
Last Updated: 02/17/2021,,,,,,,,,,,,,,,
